-- ============================================================
-- SEED DATA - Laundry Palu (comprehensive)
-- Run AFTER migrations. Designed for a fresh `npm run db:reset`.
-- Date-relative rows use NOW() / CURRENT_DATE so data is always
-- anchored to the seeding moment (~30-day window).
-- ============================================================

-- ------------------------------------------------------------
-- USERS  (1 admin + 3 kasir)
-- Passwords are bcrypt of 'password123' (cost 12)
-- ------------------------------------------------------------
INSERT INTO users (id, nama, username, password, role) VALUES
  ('a1000000-0000-0000-0000-000000000001', 'Admin Utama',  'admin',  '$2b$12$gA3jNMRaLE.abSyNGshJzOJtPLzwSq60rdeCGjxseU7kj2nhOKBfy', 'admin'),
  ('a1000000-0000-0000-0000-000000000002', 'Siti Rahma',   'kasir1', '$2b$12$gA3jNMRaLE.abSyNGshJzOJtPLzwSq60rdeCGjxseU7kj2nhOKBfy', 'kasir'),
  ('a1000000-0000-0000-0000-000000000003', 'Budi Santoso', 'kasir2', '$2b$12$gA3jNMRaLE.abSyNGshJzOJtPLzwSq60rdeCGjxseU7kj2nhOKBfy', 'kasir'),
  ('a1000000-0000-0000-0000-000000000004', 'Rizky Pratama','kasir3', '$2b$12$gA3jNMRaLE.abSyNGshJzOJtPLzwSq60rdeCGjxseU7kj2nhOKBfy', 'kasir')
ON CONFLICT (username) DO NOTHING;

-- ------------------------------------------------------------
-- CUSTOMERS  (15)
-- ------------------------------------------------------------
INSERT INTO customers (id, nama, alamat, no_hp) VALUES
  ('c1000000-0000-0000-0000-000000000001', 'Andi Pratama',    'Jl. Sudirman No. 12, Palu Barat',      '081234567001'),
  ('c1000000-0000-0000-0000-000000000002', 'Dewi Rahayu',     'Jl. Hasanuddin No. 45, Palu Selatan',  '081234567002'),
  ('c1000000-0000-0000-0000-000000000003', 'Hendra Santoso',  'Jl. Diponegoro No. 7, Palu Timur',     '081234567003'),
  ('c1000000-0000-0000-0000-000000000004', 'Rina Wulandari',  'Jl. Gatot Subroto No. 22, Palu Utara', '081234567004'),
  ('c1000000-0000-0000-0000-000000000005', 'Yusuf Abdillah',  'Jl. Ahmad Yani No. 3, Palu Tengah',    '081234567005'),
  ('c1000000-0000-0000-0000-000000000006', 'Maria Sinaga',    'Jl. Poros Palu-Donggala No. 8, Palu',  '081234567006'),
  ('c1000000-0000-0000-0000-000000000007', 'Bagas Nugroho',   'Jl. Trans Sulawesi No. 101, Palu',     '081234567007'),
  ('c1000000-0000-0000-0000-000000000008', 'Fitri Handayani', 'Jl. Moh. Hatta No. 18, Palu Barat',    '081234567008'),
  ('c1000000-0000-0000-0000-000000000009', 'Rudi Hartono',    'Jl. Imam Bonjol No. 5, Palu Timur',    '081234567009'),
  ('c1000000-0000-0000-0000-000000000010', 'Sari Melati',     'Jl. Kartini No. 30, Palu Selatan',     '081234567010'),
  ('c1000000-0000-0000-0000-000000000011', 'Dian Kusuma',     'Jl. Veteran No. 14, Palu Tengah',      '081234567011'),
  ('c1000000-0000-0000-0000-000000000012', 'Lina Marlina',    'Jl. RA. Kartini No. 9, Palu Utara',    '081234567012'),
  ('c1000000-0000-0000-0000-000000000013', 'Agus Setiawan',   'Jl. Sisingamangaraja No. 2, Palu',     '081234567013'),
  ('c1000000-0000-0000-0000-000000000014', 'Nina Kartika',    'Jl. Tanjung Dako No. 27, Palu',        '081234567014'),
  ('c1000000-0000-0000-0000-000000000015', 'Joko Susilo',     'Jl. Towua No. 56, Palu Selatan',       '081234567015')
ON CONFLICT (no_hp) DO NOTHING;

-- ------------------------------------------------------------
-- MEMBERSHIPS  (periodik + paket_kg)
-- Active periodik must have tanggal_selesai in the future.
-- ------------------------------------------------------------
INSERT INTO memberships (id, customer_id, tipe, durasi_bulan, tanggal_mulai, tanggal_selesai, is_active) VALUES
  -- Andi: 6-month periodic (active, 10% disc)
  ('b1000000-0000-0000-0000-000000000001', 'c1000000-0000-0000-0000-000000000001', 'periodik', 6,  CURRENT_DATE - 90, CURRENT_DATE + 90, TRUE),
  -- Dewi: 3-month periodic (expired)
  ('b1000000-0000-0000-0000-000000000002', 'c1000000-0000-0000-0000-000000000002', 'periodik', 3,  CURRENT_DATE - 150, CURRENT_DATE - 60, FALSE),
  -- Fitri: 3-month periodic (active, 10% disc)
  ('b1000000-0000-0000-0000-000000000005', 'c1000000-0000-0000-0000-000000000008', 'periodik', 3,  CURRENT_DATE - 30, CURRENT_DATE + 60, TRUE),
  -- Rudi: 12-month periodic (active, 10% disc)
  ('b1000000-0000-0000-0000-000000000006', 'c1000000-0000-0000-0000-000000000009', 'periodik', 12, CURRENT_DATE - 120, CURRENT_DATE + 245, TRUE)
ON CONFLICT DO NOTHING;

INSERT INTO memberships (id, customer_id, tipe, paket_kg, sisa_kg, is_active) VALUES
  -- Hendra: 100Kg pre-paid (40.5kg remaining)
  ('b1000000-0000-0000-0000-000000000003', 'c1000000-0000-0000-0000-000000000003', 'paket_kg', 100, 40.5, TRUE),
  -- Rina: 50Kg pre-paid (2.0kg remaining - low balance warning)
  ('b1000000-0000-0000-0000-000000000004', 'c1000000-0000-0000-0000-000000000004', 'paket_kg', 50,  2.0,  TRUE),
  -- Sari: 200Kg pre-paid (150kg remaining)
  ('b1000000-0000-0000-0000-000000000007', 'c1000000-0000-0000-0000-000000000010', 'paket_kg', 200, 150.0, TRUE),
  -- Dian: 50Kg pre-paid (35kg remaining)
  ('b1000000-0000-0000-0000-000000000008', 'c1000000-0000-0000-0000-000000000011', 'paket_kg', 50,  35.0, TRUE),
  -- Lina: 100Kg pre-paid (7.5kg remaining - low balance warning)
  ('b1000000-0000-0000-0000-000000000009', 'c1000000-0000-0000-0000-000000000012', 'paket_kg', 100, 7.5,  TRUE)
ON CONFLICT DO NOTHING;

-- ------------------------------------------------------------
-- ITEMS (laundry services)
-- ------------------------------------------------------------
INSERT INTO items (id, nama, tipe, harga) VALUES
  ('d1000000-0000-0000-0000-000000000001', 'Cuci Kiloan',           'kiloan',    7000),
  ('d1000000-0000-0000-0000-000000000002', 'Cuci + Setrika Kiloan', 'kiloan',    10000),
  ('d1000000-0000-0000-0000-000000000003', 'Setrika Saja',          'kiloan',    5000),
  ('d1000000-0000-0000-0000-000000000004', 'Cuci Sepatu',           'satuan',    25000),
  ('d1000000-0000-0000-0000-000000000005', 'Cuci Tas',              'satuan',    30000),
  ('d1000000-0000-0000-0000-000000000006', 'Cuci Karpet (kecil)',   'satuan',    50000),
  ('d1000000-0000-0000-0000-000000000007', 'Cuci Karpet (besar)',   'satuan',    100000),
  ('d1000000-0000-0000-0000-000000000008', 'Dry Cleaning Jas',      'satuan',    75000),
  ('d1000000-0000-0000-0000-000000000009', 'Dry Cleaning Kebaya',   'satuan',    85000),
  ('d1000000-0000-0000-0000-000000000010', 'Antar-Jemput',          'jasa_lain', 15000)
ON CONFLICT DO NOTHING;

-- ------------------------------------------------------------
-- EXPENSE CATEGORIES
-- ------------------------------------------------------------
INSERT INTO expense_categories (id, nama, level) VALUES
  ('ec100000-0000-0000-0000-000000000001', 'Deterjen & Bahan Kimia', 'variabel'),
  ('ec100000-0000-0000-0000-000000000002', 'Plastik & Kemasan',      'variabel'),
  ('ec100000-0000-0000-0000-000000000003', 'Listrik',                'tetap'),
  ('ec100000-0000-0000-0000-000000000004', 'Air (PDAM)',             'tetap'),
  ('ec100000-0000-0000-0000-000000000005', 'Sewa Tempat',            'tetap'),
  ('ec100000-0000-0000-0000-000000000006', 'Gaji Karyawan',          'tetap'),
  ('ec100000-0000-0000-0000-000000000007', 'Perawatan Mesin',        'variabel'),
  ('ec100000-0000-0000-0000-000000000008', 'Transportasi',           'variabel'),
  ('ec100000-0000-0000-0000-000000000009', 'Perlengkapan Kantor',    'variabel'),
  ('ec100000-0000-0000-0000-000000000010', 'Lain-lain',              'variabel')
ON CONFLICT DO NOTHING;

-- ------------------------------------------------------------
-- INVENTORY ITEMS
-- qty_saat_ini / harga_rata_fifo reflect the net of the
-- inventory_transactions seeded below.
-- ------------------------------------------------------------
INSERT INTO inventory_items (id, nama, satuan, qty_saat_ini, harga_rata_fifo, stok_minimum) VALUES
  ('de100000-0000-0000-0000-000000000001', 'Deterjen Bubuk',  'kg',  55.0, 25833, 10.0),
  ('de100000-0000-0000-0000-000000000002', 'Softener',        'L',   15.0, 18476,  5.0),
  ('de100000-0000-0000-0000-000000000003', 'Plastik Laundry', 'pcs', 80,     500, 100),   -- low stock
  ('de100000-0000-0000-0000-000000000004', 'Hanger',          'pcs', 170,   2000,  50),
  ('de100000-0000-0000-0000-000000000005', 'Kartu Nama',      'pcs', 40,    1000,  50)    -- low stock
ON CONFLICT DO NOTHING;

-- ============================================================
-- ORDERS  (30: 22 selesai + 8 active, spread over ~30 days)
-- subtotal = sum(harga*qty); diskon = floor(subtotal*persen/100)
-- Periodik-active customers (Andi, Fitri, Rudi) get 10%.
-- ============================================================
INSERT INTO orders (id, invoice_no, customer_id, membership_id, diskon_persen, subtotal, diskon_amount, total, status, created_by, created_at, updated_at) VALUES
  ('f1000000-0000-0000-0000-000000000001','INV-20260508-0001','c1000000-0000-0000-0000-000000000001','b1000000-0000-0000-0000-000000000001',10,250000,25000,225000,'selesai','a1000000-0000-0000-0000-000000000002',NOW()-INTERVAL '30 days',NOW()-INTERVAL '28 days'),
  ('f1000000-0000-0000-0000-000000000002','INV-20260509-0001','c1000000-0000-0000-0000-000000000006',NULL,0,300000,0,300000,'selesai','a1000000-0000-0000-0000-000000000003',NOW()-INTERVAL '29 days',NOW()-INTERVAL '27 days'),
  ('f1000000-0000-0000-0000-000000000003','INV-20260511-0001','c1000000-0000-0000-0000-000000000003','b1000000-0000-0000-0000-000000000003',0,250000,0,250000,'selesai','a1000000-0000-0000-0000-000000000002',NOW()-INTERVAL '27 days',NOW()-INTERVAL '25 days'),
  ('f1000000-0000-0000-0000-000000000004','INV-20260513-0001','c1000000-0000-0000-0000-000000000008','b1000000-0000-0000-0000-000000000005',10,240000,24000,216000,'selesai','a1000000-0000-0000-0000-000000000004',NOW()-INTERVAL '25 days',NOW()-INTERVAL '23 days'),
  ('f1000000-0000-0000-0000-000000000005','INV-20260514-0001','c1000000-0000-0000-0000-000000000007',NULL,0,190000,0,190000,'selesai','a1000000-0000-0000-0000-000000000003',NOW()-INTERVAL '24 days',NOW()-INTERVAL '22 days'),
  ('f1000000-0000-0000-0000-000000000006','INV-20260516-0001','c1000000-0000-0000-0000-000000000009','b1000000-0000-0000-0000-000000000006',10,300000,30000,270000,'selesai','a1000000-0000-0000-0000-000000000002',NOW()-INTERVAL '22 days',NOW()-INTERVAL '20 days'),
  ('f1000000-0000-0000-0000-000000000007','INV-20260517-0001','c1000000-0000-0000-0000-000000000010','b1000000-0000-0000-0000-000000000007',0,300000,0,300000,'selesai','a1000000-0000-0000-0000-000000000004',NOW()-INTERVAL '21 days',NOW()-INTERVAL '19 days'),
  ('f1000000-0000-0000-0000-000000000008','INV-20260519-0001','c1000000-0000-0000-0000-000000000005',NULL,0,255000,0,255000,'selesai','a1000000-0000-0000-0000-000000000003',NOW()-INTERVAL '19 days',NOW()-INTERVAL '17 days'),
  ('f1000000-0000-0000-0000-000000000009','INV-20260520-0001','c1000000-0000-0000-0000-000000000001','b1000000-0000-0000-0000-000000000001',10,210000,21000,189000,'selesai','a1000000-0000-0000-0000-000000000002',NOW()-INTERVAL '18 days',NOW()-INTERVAL '16 days'),
  ('f1000000-0000-0000-0000-000000000010','INV-20260522-0001','c1000000-0000-0000-0000-000000000011','b1000000-0000-0000-0000-000000000008',0,195000,0,195000,'selesai','a1000000-0000-0000-0000-000000000003',NOW()-INTERVAL '16 days',NOW()-INTERVAL '14 days'),
  ('f1000000-0000-0000-0000-000000000011','INV-20260523-0001','c1000000-0000-0000-0000-000000000006',NULL,0,400000,0,400000,'selesai','a1000000-0000-0000-0000-000000000004',NOW()-INTERVAL '15 days',NOW()-INTERVAL '13 days'),
  ('f1000000-0000-0000-0000-000000000012','INV-20260525-0001','c1000000-0000-0000-0000-000000000008','b1000000-0000-0000-0000-000000000005',10,265000,26500,238500,'selesai','a1000000-0000-0000-0000-000000000002',NOW()-INTERVAL '13 days',NOW()-INTERVAL '11 days'),
  ('f1000000-0000-0000-0000-000000000013','INV-20260526-0001','c1000000-0000-0000-0000-000000000014',NULL,0,190000,0,190000,'selesai','a1000000-0000-0000-0000-000000000003',NOW()-INTERVAL '12 days',NOW()-INTERVAL '10 days'),
  ('f1000000-0000-0000-0000-000000000014','INV-20260527-0001','c1000000-0000-0000-0000-000000000003','b1000000-0000-0000-0000-000000000003',0,280000,0,280000,'selesai','a1000000-0000-0000-0000-000000000004',NOW()-INTERVAL '11 days',NOW()-INTERVAL '9 days'),
  ('f1000000-0000-0000-0000-000000000015','INV-20260528-0001','c1000000-0000-0000-0000-000000000013',NULL,0,320000,0,320000,'selesai','a1000000-0000-0000-0000-000000000002',NOW()-INTERVAL '10 days',NOW()-INTERVAL '8 days'),
  ('f1000000-0000-0000-0000-000000000016','INV-20260529-0001','c1000000-0000-0000-0000-000000000009','b1000000-0000-0000-0000-000000000006',10,350000,35000,315000,'selesai','a1000000-0000-0000-0000-000000000003',NOW()-INTERVAL '9 days',NOW()-INTERVAL '7 days'),
  ('f1000000-0000-0000-0000-000000000017','INV-20260530-0001','c1000000-0000-0000-0000-000000000015',NULL,0,170000,0,170000,'selesai','a1000000-0000-0000-0000-000000000004',NOW()-INTERVAL '8 days',NOW()-INTERVAL '6 days'),
  ('f1000000-0000-0000-0000-000000000018','INV-20260601-0001','c1000000-0000-0000-0000-000000000010','b1000000-0000-0000-0000-000000000007',0,400000,0,400000,'selesai','a1000000-0000-0000-0000-000000000002',NOW()-INTERVAL '6 days',NOW()-INTERVAL '4 days'),
  ('f1000000-0000-0000-0000-000000000019','INV-20260602-0001','c1000000-0000-0000-0000-000000000001','b1000000-0000-0000-0000-000000000001',10,220000,22000,198000,'selesai','a1000000-0000-0000-0000-000000000003',NOW()-INTERVAL '5 days',NOW()-INTERVAL '3 days'),
  ('f1000000-0000-0000-0000-000000000020','INV-20260602-0002','c1000000-0000-0000-0000-000000000012','b1000000-0000-0000-0000-000000000009',0,155000,0,155000,'selesai','a1000000-0000-0000-0000-000000000001',NOW()-INTERVAL '5 days',NOW()-INTERVAL '3 days'),
  ('f1000000-0000-0000-0000-000000000021','INV-20260603-0001','c1000000-0000-0000-0000-000000000006',NULL,0,275000,0,275000,'selesai','a1000000-0000-0000-0000-000000000003',NOW()-INTERVAL '4 days',NOW()-INTERVAL '2 days'),
  ('f1000000-0000-0000-0000-000000000022','INV-20260604-0001','c1000000-0000-0000-0000-000000000007',NULL,0,240000,0,240000,'selesai','a1000000-0000-0000-0000-000000000002',NOW()-INTERVAL '3 days',NOW()-INTERVAL '1 day'),
  -- Active orders
  ('f1000000-0000-0000-0000-000000000023','INV-20260604-0002','c1000000-0000-0000-0000-000000000002',NULL,0,90000,0,90000,'siap_diambil','a1000000-0000-0000-0000-000000000004',NOW()-INTERVAL '3 days',NOW()-INTERVAL '2 days'),
  ('f1000000-0000-0000-0000-000000000024','INV-20260605-0001','c1000000-0000-0000-0000-000000000007',NULL,0,100000,0,100000,'siap_diambil','a1000000-0000-0000-0000-000000000004',NOW()-INTERVAL '2 days',NOW()-INTERVAL '1 day'),
  ('f1000000-0000-0000-0000-000000000025','INV-20260605-0002','c1000000-0000-0000-0000-000000000008','b1000000-0000-0000-0000-000000000005',10,120000,12000,108000,'dibungkus','a1000000-0000-0000-0000-000000000002',NOW()-INTERVAL '2 days',NOW()-INTERVAL '1 day 4 hours'),
  ('f1000000-0000-0000-0000-000000000026','INV-20260605-0003','c1000000-0000-0000-0000-000000000003','b1000000-0000-0000-0000-000000000003',0,150000,0,150000,'siap_diambil','a1000000-0000-0000-0000-000000000003',NOW()-INTERVAL '2 days',NOW()-INTERVAL '20 hours'),
  ('f1000000-0000-0000-0000-000000000027','INV-20260606-0001','c1000000-0000-0000-0000-000000000006',NULL,0,100000,0,100000,'dikeringkan','a1000000-0000-0000-0000-000000000004',NOW()-INTERVAL '1 day',NOW()-INTERVAL '12 hours'),
  ('f1000000-0000-0000-0000-000000000028','INV-20260606-0002','c1000000-0000-0000-0000-000000000009','b1000000-0000-0000-0000-000000000006',10,100000,10000,90000,'dibungkus','a1000000-0000-0000-0000-000000000002',NOW()-INTERVAL '1 day',NOW()-INTERVAL '8 hours'),
  ('f1000000-0000-0000-0000-000000000029','INV-20260607-0001','c1000000-0000-0000-0000-000000000011','b1000000-0000-0000-0000-000000000008',0,60000,0,60000,'dicuci','a1000000-0000-0000-0000-000000000003',NOW()-INTERVAL '6 hours',NOW()-INTERVAL '2 hours'),
  ('f1000000-0000-0000-0000-000000000030','INV-20260607-0002','c1000000-0000-0000-0000-000000000005',NULL,0,50000,0,50000,'diterima','a1000000-0000-0000-0000-000000000004',NOW()-INTERVAL '3 hours',NOW()-INTERVAL '3 hours')
ON CONFLICT (invoice_no) DO NOTHING;

-- ============================================================
-- ORDER ITEMS  (snapshots of nama/tipe/harga at order time)
-- ============================================================
INSERT INTO order_items (id, order_id, item_id, nama_item, tipe, harga, qty, subtotal) VALUES
  -- Order 1
  ('f2000000-0000-0000-0000-000000000001','f1000000-0000-0000-0000-000000000001','d1000000-0000-0000-0000-000000000002','Cuci + Setrika Kiloan','kiloan',10000,20,200000),
  ('f2000000-0000-0000-0000-000000000002','f1000000-0000-0000-0000-000000000001','d1000000-0000-0000-0000-000000000004','Cuci Sepatu','satuan',25000,2,50000),
  -- Order 2
  ('f2000000-0000-0000-0000-000000000003','f1000000-0000-0000-0000-000000000002','d1000000-0000-0000-0000-000000000007','Cuci Karpet (besar)','satuan',100000,2,200000),
  ('f2000000-0000-0000-0000-000000000004','f1000000-0000-0000-0000-000000000002','d1000000-0000-0000-0000-000000000006','Cuci Karpet (kecil)','satuan',50000,2,100000),
  -- Order 3
  ('f2000000-0000-0000-0000-000000000005','f1000000-0000-0000-0000-000000000003','d1000000-0000-0000-0000-000000000002','Cuci + Setrika Kiloan','kiloan',10000,25,250000),
  -- Order 4
  ('f2000000-0000-0000-0000-000000000006','f1000000-0000-0000-0000-000000000004','d1000000-0000-0000-0000-000000000008','Dry Cleaning Jas','satuan',75000,3,225000),
  ('f2000000-0000-0000-0000-000000000007','f1000000-0000-0000-0000-000000000004','d1000000-0000-0000-0000-000000000010','Antar-Jemput','jasa_lain',15000,1,15000),
  -- Order 5
  ('f2000000-0000-0000-0000-000000000008','f1000000-0000-0000-0000-000000000005','d1000000-0000-0000-0000-000000000004','Cuci Sepatu','satuan',25000,4,100000),
  ('f2000000-0000-0000-0000-000000000009','f1000000-0000-0000-0000-000000000005','d1000000-0000-0000-0000-000000000005','Cuci Tas','satuan',30000,3,90000),
  -- Order 6
  ('f2000000-0000-0000-0000-000000000010','f1000000-0000-0000-0000-000000000006','d1000000-0000-0000-0000-000000000002','Cuci + Setrika Kiloan','kiloan',10000,30,300000),
  -- Order 7
  ('f2000000-0000-0000-0000-000000000011','f1000000-0000-0000-0000-000000000007','d1000000-0000-0000-0000-000000000007','Cuci Karpet (besar)','satuan',100000,3,300000),
  -- Order 8
  ('f2000000-0000-0000-0000-000000000012','f1000000-0000-0000-0000-000000000008','d1000000-0000-0000-0000-000000000009','Dry Cleaning Kebaya','satuan',85000,3,255000),
  -- Order 9
  ('f2000000-0000-0000-0000-000000000013','f1000000-0000-0000-0000-000000000009','d1000000-0000-0000-0000-000000000001','Cuci Kiloan','kiloan',7000,30,210000),
  -- Order 10
  ('f2000000-0000-0000-0000-000000000014','f1000000-0000-0000-0000-000000000010','d1000000-0000-0000-0000-000000000005','Cuci Tas','satuan',30000,4,120000),
  ('f2000000-0000-0000-0000-000000000015','f1000000-0000-0000-0000-000000000010','d1000000-0000-0000-0000-000000000004','Cuci Sepatu','satuan',25000,3,75000),
  -- Order 11
  ('f2000000-0000-0000-0000-000000000016','f1000000-0000-0000-0000-000000000011','d1000000-0000-0000-0000-000000000007','Cuci Karpet (besar)','satuan',100000,4,400000),
  -- Order 12
  ('f2000000-0000-0000-0000-000000000017','f1000000-0000-0000-0000-000000000012','d1000000-0000-0000-0000-000000000002','Cuci + Setrika Kiloan','kiloan',10000,25,250000),
  ('f2000000-0000-0000-0000-000000000018','f1000000-0000-0000-0000-000000000012','d1000000-0000-0000-0000-000000000010','Antar-Jemput','jasa_lain',15000,1,15000),
  -- Order 13
  ('f2000000-0000-0000-0000-000000000019','f1000000-0000-0000-0000-000000000013','d1000000-0000-0000-0000-000000000001','Cuci Kiloan','kiloan',7000,20,140000),
  ('f2000000-0000-0000-0000-000000000020','f1000000-0000-0000-0000-000000000013','d1000000-0000-0000-0000-000000000003','Setrika Saja','kiloan',5000,10,50000),
  -- Order 14
  ('f2000000-0000-0000-0000-000000000021','f1000000-0000-0000-0000-000000000014','d1000000-0000-0000-0000-000000000002','Cuci + Setrika Kiloan','kiloan',10000,28,280000),
  -- Order 15
  ('f2000000-0000-0000-0000-000000000022','f1000000-0000-0000-0000-000000000015','d1000000-0000-0000-0000-000000000008','Dry Cleaning Jas','satuan',75000,2,150000),
  ('f2000000-0000-0000-0000-000000000023','f1000000-0000-0000-0000-000000000015','d1000000-0000-0000-0000-000000000009','Dry Cleaning Kebaya','satuan',85000,2,170000),
  -- Order 16
  ('f2000000-0000-0000-0000-000000000024','f1000000-0000-0000-0000-000000000016','d1000000-0000-0000-0000-000000000002','Cuci + Setrika Kiloan','kiloan',10000,35,350000),
  -- Order 17
  ('f2000000-0000-0000-0000-000000000025','f1000000-0000-0000-0000-000000000017','d1000000-0000-0000-0000-000000000003','Setrika Saja','kiloan',5000,20,100000),
  ('f2000000-0000-0000-0000-000000000026','f1000000-0000-0000-0000-000000000017','d1000000-0000-0000-0000-000000000001','Cuci Kiloan','kiloan',7000,10,70000),
  -- Order 18
  ('f2000000-0000-0000-0000-000000000027','f1000000-0000-0000-0000-000000000018','d1000000-0000-0000-0000-000000000007','Cuci Karpet (besar)','satuan',100000,3,300000),
  ('f2000000-0000-0000-0000-000000000028','f1000000-0000-0000-0000-000000000018','d1000000-0000-0000-0000-000000000006','Cuci Karpet (kecil)','satuan',50000,2,100000),
  -- Order 19
  ('f2000000-0000-0000-0000-000000000029','f1000000-0000-0000-0000-000000000019','d1000000-0000-0000-0000-000000000002','Cuci + Setrika Kiloan','kiloan',10000,22,220000),
  -- Order 20
  ('f2000000-0000-0000-0000-000000000030','f1000000-0000-0000-0000-000000000020','d1000000-0000-0000-0000-000000000001','Cuci Kiloan','kiloan',7000,15,105000),
  ('f2000000-0000-0000-0000-000000000031','f1000000-0000-0000-0000-000000000020','d1000000-0000-0000-0000-000000000004','Cuci Sepatu','satuan',25000,2,50000),
  -- Order 21
  ('f2000000-0000-0000-0000-000000000032','f1000000-0000-0000-0000-000000000021','d1000000-0000-0000-0000-000000000007','Cuci Karpet (besar)','satuan',100000,2,200000),
  ('f2000000-0000-0000-0000-000000000033','f1000000-0000-0000-0000-000000000021','d1000000-0000-0000-0000-000000000008','Dry Cleaning Jas','satuan',75000,1,75000),
  -- Order 22
  ('f2000000-0000-0000-0000-000000000034','f1000000-0000-0000-0000-000000000022','d1000000-0000-0000-0000-000000000002','Cuci + Setrika Kiloan','kiloan',10000,18,180000),
  ('f2000000-0000-0000-0000-000000000035','f1000000-0000-0000-0000-000000000022','d1000000-0000-0000-0000-000000000005','Cuci Tas','satuan',30000,2,60000),
  -- Order 23
  ('f2000000-0000-0000-0000-000000000036','f1000000-0000-0000-0000-000000000023','d1000000-0000-0000-0000-000000000008','Dry Cleaning Jas','satuan',75000,1,75000),
  ('f2000000-0000-0000-0000-000000000037','f1000000-0000-0000-0000-000000000023','d1000000-0000-0000-0000-000000000010','Antar-Jemput','jasa_lain',15000,1,15000),
  -- Order 24
  ('f2000000-0000-0000-0000-000000000038','f1000000-0000-0000-0000-000000000024','d1000000-0000-0000-0000-000000000006','Cuci Karpet (kecil)','satuan',50000,2,100000),
  -- Order 25
  ('f2000000-0000-0000-0000-000000000039','f1000000-0000-0000-0000-000000000025','d1000000-0000-0000-0000-000000000002','Cuci + Setrika Kiloan','kiloan',10000,12,120000),
  -- Order 26
  ('f2000000-0000-0000-0000-000000000040','f1000000-0000-0000-0000-000000000026','d1000000-0000-0000-0000-000000000002','Cuci + Setrika Kiloan','kiloan',10000,15,150000),
  -- Order 27
  ('f2000000-0000-0000-0000-000000000041','f1000000-0000-0000-0000-000000000027','d1000000-0000-0000-0000-000000000007','Cuci Karpet (besar)','satuan',100000,1,100000),
  -- Order 28
  ('f2000000-0000-0000-0000-000000000042','f1000000-0000-0000-0000-000000000028','d1000000-0000-0000-0000-000000000002','Cuci + Setrika Kiloan','kiloan',10000,10,100000),
  -- Order 29
  ('f2000000-0000-0000-0000-000000000043','f1000000-0000-0000-0000-000000000029','d1000000-0000-0000-0000-000000000005','Cuci Tas','satuan',30000,2,60000),
  -- Order 30
  ('f2000000-0000-0000-0000-000000000044','f1000000-0000-0000-0000-000000000030','d1000000-0000-0000-0000-000000000004','Cuci Sepatu','satuan',25000,2,50000)
ON CONFLICT DO NOTHING;

-- ============================================================
-- ORDER STATUS HISTORY
-- selesai orders: diterima -> selesai. Active orders: full chain
-- up to current status. changed_by = the order's kasir/admin.
-- ============================================================
INSERT INTO order_status_history (order_id, status, changed_by, changed_at) VALUES
  -- selesai (diterima + selesai)
  ('f1000000-0000-0000-0000-000000000001','diterima','a1000000-0000-0000-0000-000000000002',NOW()-INTERVAL '30 days'),
  ('f1000000-0000-0000-0000-000000000001','selesai', 'a1000000-0000-0000-0000-000000000002',NOW()-INTERVAL '28 days'),
  ('f1000000-0000-0000-0000-000000000002','diterima','a1000000-0000-0000-0000-000000000003',NOW()-INTERVAL '29 days'),
  ('f1000000-0000-0000-0000-000000000002','selesai', 'a1000000-0000-0000-0000-000000000003',NOW()-INTERVAL '27 days'),
  ('f1000000-0000-0000-0000-000000000003','diterima','a1000000-0000-0000-0000-000000000002',NOW()-INTERVAL '27 days'),
  ('f1000000-0000-0000-0000-000000000003','selesai', 'a1000000-0000-0000-0000-000000000002',NOW()-INTERVAL '25 days'),
  ('f1000000-0000-0000-0000-000000000004','diterima','a1000000-0000-0000-0000-000000000004',NOW()-INTERVAL '25 days'),
  ('f1000000-0000-0000-0000-000000000004','selesai', 'a1000000-0000-0000-0000-000000000004',NOW()-INTERVAL '23 days'),
  ('f1000000-0000-0000-0000-000000000005','diterima','a1000000-0000-0000-0000-000000000003',NOW()-INTERVAL '24 days'),
  ('f1000000-0000-0000-0000-000000000005','selesai', 'a1000000-0000-0000-0000-000000000003',NOW()-INTERVAL '22 days'),
  ('f1000000-0000-0000-0000-000000000006','diterima','a1000000-0000-0000-0000-000000000002',NOW()-INTERVAL '22 days'),
  ('f1000000-0000-0000-0000-000000000006','selesai', 'a1000000-0000-0000-0000-000000000002',NOW()-INTERVAL '20 days'),
  ('f1000000-0000-0000-0000-000000000007','diterima','a1000000-0000-0000-0000-000000000004',NOW()-INTERVAL '21 days'),
  ('f1000000-0000-0000-0000-000000000007','selesai', 'a1000000-0000-0000-0000-000000000004',NOW()-INTERVAL '19 days'),
  ('f1000000-0000-0000-0000-000000000008','diterima','a1000000-0000-0000-0000-000000000003',NOW()-INTERVAL '19 days'),
  ('f1000000-0000-0000-0000-000000000008','selesai', 'a1000000-0000-0000-0000-000000000003',NOW()-INTERVAL '17 days'),
  ('f1000000-0000-0000-0000-000000000009','diterima','a1000000-0000-0000-0000-000000000002',NOW()-INTERVAL '18 days'),
  ('f1000000-0000-0000-0000-000000000009','selesai', 'a1000000-0000-0000-0000-000000000002',NOW()-INTERVAL '16 days'),
  ('f1000000-0000-0000-0000-000000000010','diterima','a1000000-0000-0000-0000-000000000003',NOW()-INTERVAL '16 days'),
  ('f1000000-0000-0000-0000-000000000010','selesai', 'a1000000-0000-0000-0000-000000000003',NOW()-INTERVAL '14 days'),
  ('f1000000-0000-0000-0000-000000000011','diterima','a1000000-0000-0000-0000-000000000004',NOW()-INTERVAL '15 days'),
  ('f1000000-0000-0000-0000-000000000011','selesai', 'a1000000-0000-0000-0000-000000000004',NOW()-INTERVAL '13 days'),
  ('f1000000-0000-0000-0000-000000000012','diterima','a1000000-0000-0000-0000-000000000002',NOW()-INTERVAL '13 days'),
  ('f1000000-0000-0000-0000-000000000012','selesai', 'a1000000-0000-0000-0000-000000000002',NOW()-INTERVAL '11 days'),
  ('f1000000-0000-0000-0000-000000000013','diterima','a1000000-0000-0000-0000-000000000003',NOW()-INTERVAL '12 days'),
  ('f1000000-0000-0000-0000-000000000013','selesai', 'a1000000-0000-0000-0000-000000000003',NOW()-INTERVAL '10 days'),
  ('f1000000-0000-0000-0000-000000000014','diterima','a1000000-0000-0000-0000-000000000004',NOW()-INTERVAL '11 days'),
  ('f1000000-0000-0000-0000-000000000014','selesai', 'a1000000-0000-0000-0000-000000000004',NOW()-INTERVAL '9 days'),
  ('f1000000-0000-0000-0000-000000000015','diterima','a1000000-0000-0000-0000-000000000002',NOW()-INTERVAL '10 days'),
  ('f1000000-0000-0000-0000-000000000015','selesai', 'a1000000-0000-0000-0000-000000000002',NOW()-INTERVAL '8 days'),
  ('f1000000-0000-0000-0000-000000000016','diterima','a1000000-0000-0000-0000-000000000003',NOW()-INTERVAL '9 days'),
  ('f1000000-0000-0000-0000-000000000016','selesai', 'a1000000-0000-0000-0000-000000000003',NOW()-INTERVAL '7 days'),
  ('f1000000-0000-0000-0000-000000000017','diterima','a1000000-0000-0000-0000-000000000004',NOW()-INTERVAL '8 days'),
  ('f1000000-0000-0000-0000-000000000017','selesai', 'a1000000-0000-0000-0000-000000000004',NOW()-INTERVAL '6 days'),
  ('f1000000-0000-0000-0000-000000000018','diterima','a1000000-0000-0000-0000-000000000002',NOW()-INTERVAL '6 days'),
  ('f1000000-0000-0000-0000-000000000018','selesai', 'a1000000-0000-0000-0000-000000000002',NOW()-INTERVAL '4 days'),
  ('f1000000-0000-0000-0000-000000000019','diterima','a1000000-0000-0000-0000-000000000003',NOW()-INTERVAL '5 days'),
  ('f1000000-0000-0000-0000-000000000019','selesai', 'a1000000-0000-0000-0000-000000000003',NOW()-INTERVAL '3 days'),
  ('f1000000-0000-0000-0000-000000000020','diterima','a1000000-0000-0000-0000-000000000001',NOW()-INTERVAL '5 days'),
  ('f1000000-0000-0000-0000-000000000020','selesai', 'a1000000-0000-0000-0000-000000000001',NOW()-INTERVAL '3 days'),
  ('f1000000-0000-0000-0000-000000000021','diterima','a1000000-0000-0000-0000-000000000003',NOW()-INTERVAL '4 days'),
  ('f1000000-0000-0000-0000-000000000021','selesai', 'a1000000-0000-0000-0000-000000000003',NOW()-INTERVAL '2 days'),
  ('f1000000-0000-0000-0000-000000000022','diterima','a1000000-0000-0000-0000-000000000002',NOW()-INTERVAL '3 days'),
  ('f1000000-0000-0000-0000-000000000022','selesai', 'a1000000-0000-0000-0000-000000000002',NOW()-INTERVAL '1 day'),
  -- Active chains
  ('f1000000-0000-0000-0000-000000000023','diterima',   'a1000000-0000-0000-0000-000000000004',NOW()-INTERVAL '3 days'),
  ('f1000000-0000-0000-0000-000000000023','dicuci',     'a1000000-0000-0000-0000-000000000004',NOW()-INTERVAL '2 days 16 hours'),
  ('f1000000-0000-0000-0000-000000000023','dikeringkan','a1000000-0000-0000-0000-000000000004',NOW()-INTERVAL '2 days 8 hours'),
  ('f1000000-0000-0000-0000-000000000023','dibungkus',  'a1000000-0000-0000-0000-000000000004',NOW()-INTERVAL '2 days 2 hours'),
  ('f1000000-0000-0000-0000-000000000023','siap_diambil','a1000000-0000-0000-0000-000000000004',NOW()-INTERVAL '2 days'),
  ('f1000000-0000-0000-0000-000000000024','diterima',   'a1000000-0000-0000-0000-000000000004',NOW()-INTERVAL '2 days'),
  ('f1000000-0000-0000-0000-000000000024','dicuci',     'a1000000-0000-0000-0000-000000000004',NOW()-INTERVAL '1 day 18 hours'),
  ('f1000000-0000-0000-0000-000000000024','dikeringkan','a1000000-0000-0000-0000-000000000004',NOW()-INTERVAL '1 day 10 hours'),
  ('f1000000-0000-0000-0000-000000000024','dibungkus',  'a1000000-0000-0000-0000-000000000004',NOW()-INTERVAL '1 day 4 hours'),
  ('f1000000-0000-0000-0000-000000000024','siap_diambil','a1000000-0000-0000-0000-000000000004',NOW()-INTERVAL '1 day'),
  ('f1000000-0000-0000-0000-000000000025','diterima',   'a1000000-0000-0000-0000-000000000002',NOW()-INTERVAL '2 days'),
  ('f1000000-0000-0000-0000-000000000025','dicuci',     'a1000000-0000-0000-0000-000000000002',NOW()-INTERVAL '1 day 18 hours'),
  ('f1000000-0000-0000-0000-000000000025','dikeringkan','a1000000-0000-0000-0000-000000000002',NOW()-INTERVAL '1 day 8 hours'),
  ('f1000000-0000-0000-0000-000000000025','dibungkus',  'a1000000-0000-0000-0000-000000000002',NOW()-INTERVAL '1 day 4 hours'),
  ('f1000000-0000-0000-0000-000000000026','diterima',   'a1000000-0000-0000-0000-000000000003',NOW()-INTERVAL '2 days'),
  ('f1000000-0000-0000-0000-000000000026','dicuci',     'a1000000-0000-0000-0000-000000000003',NOW()-INTERVAL '1 day 16 hours'),
  ('f1000000-0000-0000-0000-000000000026','dikeringkan','a1000000-0000-0000-0000-000000000003',NOW()-INTERVAL '1 day 6 hours'),
  ('f1000000-0000-0000-0000-000000000026','dibungkus',  'a1000000-0000-0000-0000-000000000003',NOW()-INTERVAL '22 hours'),
  ('f1000000-0000-0000-0000-000000000026','siap_diambil','a1000000-0000-0000-0000-000000000003',NOW()-INTERVAL '20 hours'),
  ('f1000000-0000-0000-0000-000000000027','diterima',   'a1000000-0000-0000-0000-000000000004',NOW()-INTERVAL '1 day'),
  ('f1000000-0000-0000-0000-000000000027','dicuci',     'a1000000-0000-0000-0000-000000000004',NOW()-INTERVAL '20 hours'),
  ('f1000000-0000-0000-0000-000000000027','dikeringkan','a1000000-0000-0000-0000-000000000004',NOW()-INTERVAL '12 hours'),
  ('f1000000-0000-0000-0000-000000000028','diterima',   'a1000000-0000-0000-0000-000000000002',NOW()-INTERVAL '1 day'),
  ('f1000000-0000-0000-0000-000000000028','dicuci',     'a1000000-0000-0000-0000-000000000002',NOW()-INTERVAL '21 hours'),
  ('f1000000-0000-0000-0000-000000000028','dikeringkan','a1000000-0000-0000-0000-000000000002',NOW()-INTERVAL '14 hours'),
  ('f1000000-0000-0000-0000-000000000028','dibungkus',  'a1000000-0000-0000-0000-000000000002',NOW()-INTERVAL '8 hours'),
  ('f1000000-0000-0000-0000-000000000029','diterima',   'a1000000-0000-0000-0000-000000000003',NOW()-INTERVAL '6 hours'),
  ('f1000000-0000-0000-0000-000000000029','dicuci',     'a1000000-0000-0000-0000-000000000003',NOW()-INTERVAL '2 hours'),
  ('f1000000-0000-0000-0000-000000000030','diterima',   'a1000000-0000-0000-0000-000000000004',NOW()-INTERVAL '3 hours');

-- ============================================================
-- EXPENSES (last 30 days)  - variabel + tetap mix
-- ============================================================
INSERT INTO expenses (id, tanggal, jumlah, category_id, deskripsi, created_by) VALUES
  ('e0100000-0000-0000-0000-000000000001', CURRENT_DATE - 28, 500000,  'ec100000-0000-0000-0000-000000000001', 'Beli deterjen bubuk 20kg',       'a1000000-0000-0000-0000-000000000001'),
  ('e0100000-0000-0000-0000-000000000002', CURRENT_DATE - 25, 150000,  'ec100000-0000-0000-0000-000000000002', 'Plastik laundry 500 pcs',        'a1000000-0000-0000-0000-000000000002'),
  ('e0100000-0000-0000-0000-000000000003', CURRENT_DATE - 20, 1000000, 'ec100000-0000-0000-0000-000000000006', 'Gaji Siti (kasir1)',             'a1000000-0000-0000-0000-000000000001'),
  ('e0100000-0000-0000-0000-000000000004', CURRENT_DATE - 20, 1000000, 'ec100000-0000-0000-0000-000000000006', 'Gaji Budi (kasir2)',             'a1000000-0000-0000-0000-000000000001'),
  ('e0100000-0000-0000-0000-000000000005', CURRENT_DATE - 18, 1500000, 'ec100000-0000-0000-0000-000000000005', 'Sewa tempat bulan ini',          'a1000000-0000-0000-0000-000000000001'),
  ('e0100000-0000-0000-0000-000000000006', CURRENT_DATE - 15, 350000,  'ec100000-0000-0000-0000-000000000003', 'Tagihan listrik',                'a1000000-0000-0000-0000-000000000001'),
  ('e0100000-0000-0000-0000-000000000007', CURRENT_DATE - 14, 120000,  'ec100000-0000-0000-0000-000000000004', 'Tagihan PDAM',                   'a1000000-0000-0000-0000-000000000001'),
  ('e0100000-0000-0000-0000-000000000008', CURRENT_DATE - 12, 75000,   'ec100000-0000-0000-0000-000000000008', 'Bensin antar-jemput',            'a1000000-0000-0000-0000-000000000002'),
  ('e0100000-0000-0000-0000-000000000009', CURRENT_DATE - 7,  60000,   'ec100000-0000-0000-0000-000000000008', 'Bensin antar-jemput',            'a1000000-0000-0000-0000-000000000004'),
  ('e0100000-0000-0000-0000-000000000010', CURRENT_DATE - 5,  130000,  'ec100000-0000-0000-0000-000000000001', 'Beli softener 6L',               'a1000000-0000-0000-0000-000000000001'),
  ('e0100000-0000-0000-0000-000000000011', CURRENT_DATE - 2,  90000,   'ec100000-0000-0000-0000-000000000009', 'ATK, nota, kartu nama',          'a1000000-0000-0000-0000-000000000003')
ON CONFLICT DO NOTHING;

-- ============================================================
-- INVENTORY TRANSACTIONS (FIFO ledger)
-- Net results match inventory_items.qty_saat_ini above.
-- ============================================================
INSERT INTO inventory_transactions (item_id, tipe, qty, harga_per_unit, referensi, created_by, created_at) VALUES
  -- Deterjen Bubuk: 50 -8 +30 -10 -7 = 55 ; avg 25833
  ('de100000-0000-0000-0000-000000000001', 'masuk',  50, 25000, 'Pembelian awal stok',  'a1000000-0000-0000-0000-000000000001', NOW()-INTERVAL '30 days'),
  ('de100000-0000-0000-0000-000000000001', 'keluar', 8,  NULL,  'Pemakaian operasional','a1000000-0000-0000-0000-000000000002', NOW()-INTERVAL '25 days'),
  ('de100000-0000-0000-0000-000000000001', 'masuk',  30, 27000, 'Restok deterjen',      'a1000000-0000-0000-0000-000000000001', NOW()-INTERVAL '18 days'),
  ('de100000-0000-0000-0000-000000000001', 'keluar', 10, NULL,  'Pemakaian operasional','a1000000-0000-0000-0000-000000000003', NOW()-INTERVAL '12 days'),
  ('de100000-0000-0000-0000-000000000001', 'keluar', 7,  NULL,  'Pemakaian operasional','a1000000-0000-0000-0000-000000000004', NOW()-INTERVAL '5 days'),
  -- Softener: 15 -4 +10 -6 = 15 ; avg 18476
  ('de100000-0000-0000-0000-000000000002', 'masuk',  15, 18000, 'Pembelian awal stok',  'a1000000-0000-0000-0000-000000000001', NOW()-INTERVAL '30 days'),
  ('de100000-0000-0000-0000-000000000002', 'keluar', 4,  NULL,  'Pemakaian operasional','a1000000-0000-0000-0000-000000000002', NOW()-INTERVAL '22 days'),
  ('de100000-0000-0000-0000-000000000002', 'masuk',  10, 19000, 'Restok softener',      'a1000000-0000-0000-0000-000000000001', NOW()-INTERVAL '14 days'),
  ('de100000-0000-0000-0000-000000000002', 'keluar', 6,  NULL,  'Pemakaian operasional','a1000000-0000-0000-0000-000000000003', NOW()-INTERVAL '6 days'),
  -- Plastik: 500 -200 -220 = 80 (low) ; avg 500
  ('de100000-0000-0000-0000-000000000003', 'masuk',  500, 500,  'Pembelian awal stok',  'a1000000-0000-0000-0000-000000000001', NOW()-INTERVAL '25 days'),
  ('de100000-0000-0000-0000-000000000003', 'keluar', 200, NULL, 'Pemakaian operasional','a1000000-0000-0000-0000-000000000002', NOW()-INTERVAL '15 days'),
  ('de100000-0000-0000-0000-000000000003', 'keluar', 220, NULL, 'Pemakaian operasional','a1000000-0000-0000-0000-000000000004', NOW()-INTERVAL '5 days'),
  -- Hanger: 200 -30 = 170 ; avg 2000
  ('de100000-0000-0000-0000-000000000004', 'masuk',  200, 2000, 'Pembelian awal stok',  'a1000000-0000-0000-0000-000000000001', NOW()-INTERVAL '28 days'),
  ('de100000-0000-0000-0000-000000000004', 'keluar', 30,  NULL, 'Pemakaian operasional','a1000000-0000-0000-0000-000000000003', NOW()-INTERVAL '10 days'),
  -- Kartu Nama: 100 -60 = 40 (low) ; avg 1000
  ('de100000-0000-0000-0000-000000000005', 'masuk',  100, 1000, 'Pembelian awal stok',  'a1000000-0000-0000-0000-000000000001', NOW()-INTERVAL '20 days'),
  ('de100000-0000-0000-0000-000000000005', 'keluar', 60,  NULL, 'Pemakaian operasional','a1000000-0000-0000-0000-000000000002', NOW()-INTERVAL '8 days');
